Cidades,Estado
MUNICIPIO DE ABAETE,MG
MUNICÍPIO DE CAMPINA GRANDE,PB
MUNICIPIO DE CAMPO ERÊ,SC
MUNICIPIO DE CRUZALTENSE,RS
MUNICÍPIO DE FAGUNDES VARELA,RS
MUNICIPIO DE FORMOSA DO SUL,SC
MUNICIPIO DE GUATAMBU,SC
MUNICIPIO DE IPORÃ DO OESTE,SC
MUNICIPIO DE NOVA RAMADA,RS
MUNICÍPIO DE PARIQUERA-AÇU,SP
MUNICIPIO DE PEDREIRAS,MA
MUNICÍPIO DE PONTE SERRADA,SC
PREFEITURA DE ALAGOINHAS,BA
PREFEITURA DE ANGRA DOS REIS,RJ
PREFEITURA DE CANOAS,RS
PREFEITURA DE CAPARAÓ,MG
PREFEITURA DE GUARULHOS,SP
PREFEITURA DE IMBUIA,SC
PREFEITURA DE ITAITINGA,CE
PREFEITURA DE ITUPORANGA,SC
PREFEITURA DE JUIZ DE FORA,MG
PREFEITURA DE LACERDÓPOLIS,SC
PREFEITURA DE MARQUEZ DE SOUZA,RS
PREFEITURA DE MIRASSOL,SP
PREFEITURA DE MOGI DAS CRUZES,SP
PREFEITURA DE NAVEGANTES,SC
PREFEITURA DE NOVA FRIBURGO,RJ
PREFEITURA DE PALMEIRA DOS ÍNDIOS DO ESTADO DE ALAGOAS,AL
PREFEITURA DE PARAISÓPOLIS,MG
PREFEITURA DE PORTO VELHO,RO
PREFEITURA DE POUSO REDONDO,SC
PREFEITURA DE PRESIDENTE CASTELLO BRANCO,SC
PREFEITURA DE PRINCESA,SC
PREFEITURA DE RIO NOVO,MG
PREFEITURA DE SÃO JOÃO DA BARRA,RJ
PREFEITURA DE TEOTÔNIO VILELA,AL
PREFEITURA DE TUPANCI DO SUL,RS
PREFEITURA DE VOLTA GRANDE,MG
PREFEITURA DO MUNICÍPIO DE TRÊS RIOS,RJ
PREFEITURA MUNICIAPL DE PLÁCIDO DE CASTRO,AC
PREFEITURA MUNICIPAL DA ESTÂNCIA BALNEÁRIA DE ITANHAÉM,SP
PREFEITURA MUNICIPAL DE AGROLÂNDIA,SC
PREFEITURA MUNICIPAL DE ALCANTIL,PB
PREFEITURA MUNICIPAL DE ALEGRE,ES
PREFEITURA MUNICIPAL DE ALTANEIRA,CE
PREFEITURA MUNICIPAL DE ANTONIO JOÃO DO ESTADO DE MATO GROSSO DO SUL,MS
PREFEITURA MUNICIPAL DE AQUIRAZ,CE
PREFEITURA MUNICIPAL DE ARAÇÁS,BA
PREFEITURA MUNICIPAL DE ARACATU,BA
PREFEITURA MUNICIPAL DE ARACRUZ,ES
PREFEITURA MUNICIPAL DE AREAL,RJ
PREFEITURA MUNICIPAL DE BAIXO GUANDU,ES
PREFEITURA MUNICIPAL DE BANZAÊ,BA
PREFEITURA MUNICIPAL DE BARRA,BA
PREFEITURA MUNICIPAL DE BARRA DOS COQUEIROS,SE
PREFEITURA MUNICIPAL DE BARRA MANSA,RJ
PREFEITURA MUNICIPAL DE BATAGUASSU,MS
PREFEITURA MUNICIPAL DE BELA VISTA,MS
PREFEITURA MUNICIPAL DE BOM JESUS DA PENHA,MG
PREFEITURA MUNICIPAL DE BOM RETIRO,SC
PREFEITURA MUNICIPAL DE CABEDELO,PB
PREFEITURA MUNICIPAL DE CAETITÉ,BA
PREFEITURA MUNICIPAL DE CAPIVARI DE BAIXO,SC
PREFEITURA MUNICIPAL DE CARMO DA CACHOEIRA,MG
PREFEITURA MUNICIPAL DE CASTANHAL,PA
PREFEITURA MUNICIPAL DE COLATINA,ES
PREFEITURA MUNICIPAL DE CONCEIÇÃO DO COITÉ,BA
PREFEITURA MUNICIPAL DE CONTAGEM,MG
PREFEITURA MUNICIPAL DE CRISÓLITA,MG
PREFEITURA MUNICIPAL DE CRUZ DO ESPÍRITO SANTO,PB
PREFEITURA MUNICIPAL DE CUITEGI,PB
PREFEITURA MUNICIPAL DE CURVELO,MG
PREFEITURA MUNICIPAL DE DIVINO,MG
PREFEITURA MUNICIPAL DE DOMINGOS MARTINS,ES
PREFEITURA MUNICIPAL DE ENGENHEIRO NAVARRO,MG
PREFEITURA MUNICIPAL DE ERMO,SC
PREFEITURA MUNICIPAL DE FARROUPILHA,RS
PREFEITURA MUNICIPAL DE FEIJÓ,AC
PREFEITURA MUNICIPAL DE FLORIANOPOLIS,SC
PREFEITURA MUNICIPAL DE GOVERNADOR CELSO RAMOS,SC
PREFEITURA MUNICIPAL DE GOVERNADOR LINDENBERG,ES
PREFEITURA MUNICIPAL DE GRAJAÚ/MA,MA
PREFEITURA MUNICIPAL DE GUAPIMIRIM,RJ
PREFEITURA MUNICIPAL DE GUARABIRA,PB
PREFEITURA MUNICIPAL DE IOMERÊ,SC
PREFEITURA MUNICIPAL DE ITABERABA,BA
PREFEITURA MUNICIPAL DE ITAMARAJU,BA
PREFEITURA MUNICIPAL DE ITAPECURU MIRIM,MA
PREFEITURA MUNICIPAL DE ITAPORANGA D'AJUDA,SE
PREFEITURA MUNICIPAL DE ITAVERAVA,MG
PREFEITURA MUNICIPAL DE JACARAÚ,PB
PREFEITURA MUNICIPAL DE JOÃO PESSOA,PB
PREFEITURA MUNICIPAL DE LARANJEIRAS,SE
PREFEITURA MUNICIPAL DE MANCIO LIMA,AC
PREFEITURA MUNICIPAL DE MARACAJU,MS
PREFEITURA MUNICIPAL DE MARI,PB
PREFEITURA MUNICIPAL DE MATELÂNDIA,PB
PREFEITURA MUNICIPAL DE MURIBECA,SE
PREFEITURA MUNICIPAL DE NOVO HORIZONTE DO NORTE,MT
PREFEITURA MUNICIPAL DE PANELAS,PE
PREFEITURA MUNICIPAL DE PARAUAPEBAS,PA
PREFEITURA MUNICIPAL DE PINHEIRO PRETO,SC
PREFEITURA MUNICIPAL DE POMBOS-PE,PE
PREFEITURA MUNICIPAL DE PORTO SEGURO,BA
PREFEITURA MUNICIPAL DE RIBAS DO RIO PARDO,MS
PREFEITURA MUNICIPAL DE RIO BANANAL,ES
PREFEITURA MUNICIPAL DE RIO PARDO,RS
PREFEITURA MUNICIPAL DE SALETE,SC
PREFEITURA MUNICIPAL DE SANTA MARIA DE JETIBÁ,ES
PREFEITURA MUNICIPAL DE SÃO GONÇALO,RJ
PREFEITURA MUNICIPAL DE SÃO JOÃO DO OESTE,SC
PREFEITURA MUNICIPAL DE SÃO MATEUS - ES,ES
PREFEITURA MUNICIPAL DE SÃO SEPÉ,RS
PREFEITURA MUNICIPAL DE SAPEZAL,MT
PREFEITURA MUNICIPAL DE SERRA TALHADA,PE
PREFEITURA MUNICIPAL DE SIDERÓPOLIS,SC
PREFEITURA MUNICIPAL DE SOBRADO,PB
PREFEITURA MUNICIPAL DE SORRISO,MT
PREFEITURA MUNICIPAL DE TANGUÁ,RJ
PREFEITURA MUNICIPAL DE TAPIRATIBA,SP
PREFEITURA MUNICIPAL DE TIBAU,RN
PREFEITURA MUNICIPAL DE UBERABA,MG
PREFEITURA MUNICIPAL DE UBERLÂNDIA,MG
PREFEITURA MUNICIPAL DE VARGEÃO,SC
PREFEITURA MUNICIPAL DE VÁRZEA GRANDE DO ESTADO DE MATO GROSSO,MT
PREFEITURA MUNICIPAL DE VENÂNCIO AIRES,RS
PREFEITURA MUNICIPAL DE VENDA NOVA DO IMIGRANTE,ES
PREFEITURA MUNICIPAL DE VERTENTE DO LÉRIO,PE
PREFEITURA MUNICIPAL DE VITÓRIA DA CONQUISTA,BA